<?xml version="1.0" encoding="UTF-8"?>

<!-- generated on 2021年01月07日 星期四 16时50分17秒 by Eclipse SUMO netedit Version 1.5.0
<configuration xmlns:xsi="http://www.w3.org/2001/XMLSchema-instance" xsi:noNamespaceSchemaLocation="http://sumo.dlr.de/xsd/netconvertConfiguration.xsd">

    <output>
        <output-file value="/home/lxj/007_project/CASE_53_2017/simulations/FCW_b/007.net.xml"/>
    </output>

    <processing>
        <offset.disable-normalization value="true"/>
    </processing>

    <junctions>
        <no-turnarounds value="true"/>
    </junctions>

    <report>
        <aggregate-warnings value="5"/>
    </report>

</configuration>
-->

<net version="1.3" junctionCornerDetail="5" limitTurnSpeed="5.50" xmlns:xsi="http://www.w3.org/2001/XMLSchema-instance" xsi:noNamespaceSchemaLocation="http://sumo.dlr.de/xsd/net_file.xsd">

    <location netOffset="0.00,0.00" convBoundary="-150.00,0.00,150.00,0.00" origBoundary="10000000000.00,10000000000.00,-10000000000.00,-10000000000.00" projParameter="!"/>

    <edge id="gneE0" from="gneJ0" to="gneJ1" priority="-1" length="300.00">
        <lane id="gneE0_0" index="0" speed="40.00" length="300.00" shape="-150.00,-4.80 150.00,-4.80"/>
        <lane id="gneE0_1" index="1" speed="40.00" length="300.00" shape="-150.00,-1.60 150.00,-1.60"/>
    </edge>

    <junction id="gneJ0" type="dead_end" x="-150.00" y="0.00" incLanes="" intLanes="" shape="-150.00,0.00 -150.00,-6.40"/>
    <junction id="gneJ1" type="dead_end" x="150.00" y="0.00" incLanes="gneE0_0 gneE0_1" intLanes="" shape="150.00,-6.40 150.00,0.00"/>

</net>
