<?xml version="1.0" encoding="UTF-8"?>

<!-- generated on 2021年01月07日 星期四 16时52分46秒 by Eclipse SUMO netedit Version 1.5.0
<configuration xmlns:xsi="http://www.w3.org/2001/XMLSchema-instance" xsi:noNamespaceSchemaLocation="http://sumo.dlr.de/xsd/netconvertConfiguration.xsd">

    <output>
        <output-file value="/home/lxj/007_project/CASE_53_2017/simulations/FCW_b/007.net.xml"/>
    </output>

    <processing>
        <offset.disable-normalization value="true"/>
    </processing>

    <junctions>
        <no-turnarounds value="true"/>
    </junctions>

    <netedit>
        <route-files value="/home/lxj/007_project/CASE_53_2017/simulations/FCW_b/007.rou.xml"/>
    </netedit>

    <report>
        <aggregate-warnings value="5"/>
    </report>

</configuration>
-->

<routes xmlns:xsi="http://www.w3.org/2001/XMLSchema-instance" xsi:noNamespaceSchemaLocation="http://sumo.dlr.de/xsd/routes_file.xsd">
    <route edges="gneE0" color="yellow" id="route_0"/>
    <flow id="routeFlow_0" begin="0.00" departSpeed="20.00" route="route_0" end="3600.00" number="1800"/>
</routes>
