<?xml version="1.0" encoding="UTF-8"?>

<!-- generated on 2020年11月23日 星期一 15时11分24秒 by Eclipse SUMO netedit Version 1.5.0
<configuration xmlns:xsi="http://www.w3.org/2001/XMLSchema-instance" xsi:noNamespaceSchemaLocation="http://sumo.dlr.de/xsd/netconvertConfiguration.xsd">

    <input>
        <sumo-net-file value="hello.net.xml"/>
    </input>

    <output>
        <output-file value="hello.net.xml"/>
    </output>

    <processing>
        <geometry.min-radius.fix.railways value="false"/>
        <geometry.max-grade.fix value="false"/>
        <offset.disable-normalization value="true"/>
        <lefthand value="false"/>
    </processing>

    <junctions>
        <no-turnarounds value="true"/>
        <junctions.corner-detail value="5"/>
        <junctions.limit-turn-speed value="5.5"/>
        <rectangular-lane-cut value="false"/>
    </junctions>

    <pedestrian>
        <walkingareas value="false"/>
    </pedestrian>

    <report>
        <aggregate-warnings value="5"/>
    </report>

</configuration>
-->

<net version="1.3" junctionCornerDetail="5" limitTurnSpeed="5.50" xmlns:xsi="http://www.w3.org/2001/XMLSchema-instance" xsi:noNamespaceSchemaLocation="http://sumo.dlr.de/xsd/net_file.xsd">

    <location netOffset="0.00,0.00" convBoundary="0.00,0.00,2000.00,0.00" origBoundary="-10000000000.00,-10000000000.00,10000000000.00,10000000000.00" projParameter="!"/>

    <edge id="gneE0" from="gneJ0" to="gneJ1" priority="-1">
    	<lane id="gneE0_0" index="0" speed="20.00" length="2000.00" shape="0.00,-17.60 2000.00,-17.60"/>
    	<lane id="gneE0_1" index="1" speed="20.00" length="2000.00" shape="0.00,-14.40 2000.00,-14.40"/>
        <lane id="gneE0_2" index="2" speed="20.00" length="2000.00" shape="0.00,-11.20 2000.00,-11.20"/>
        <lane id="gneE0_3" index="3" speed="20.00" length="2000.00" shape="0.00,-8.00  2000.00,-8.00"/>
        <lane id="gneE0_4" index="4" speed="20.00" length="2000.00" shape="0.00,-4.80  2000.00,-4.80"/>
        <lane id="gneE0_5" index="5" speed="20.00" length="2000.00" shape="0.00,-1.60  2000.00,-1.60"/>
    </edge>

    <junction id="gneJ0" type="dead_end" x="0.00" y="0.00" incLanes="" intLanes="" shape="0.00,0.00 0.00,-19.20"/>
    <junction id="gneJ1" type="dead_end" x="2000.00" y="0.00" incLanes="gneE0_0 gneE0_1 gneE0_2 gneE0_3 gneE0_4 gneE0_5" intLanes="" shape="2000.00,-19.20 2000.00,0.00"/>

</net>
