<?xml version="1.0" encoding="UTF-8"?>

<!-- generated on 2020年11月22日 星期日 19时35分42秒 by Eclipse SUMO netedit Version 1.5.0
<configuration xmlns:xsi="http://www.w3.org/2001/XMLSchema-instance" xsi:noNamespaceSchemaLocation="http://sumo.dlr.de/xsd/netconvertConfiguration.xsd">

    <output>
        <output-file value="/home/shiwei/桌面/lu/hello.net.xml"/>
    </output>

    <processing>
        <offset.disable-normalization value="true"/>
    </processing>

    <junctions>
        <no-turnarounds value="true"/>
    </junctions>

    <netedit>
        <route-files value="/home/shiwei/桌面/lu/hello.rou.xml"/>
    </netedit>

    <report>
        <aggregate-warnings value="5"/>
    </report>

</configuration>
-->

<routes xmlns:xsi="http://www.w3.org/2001/XMLSchema-instance" xsi:noNamespaceSchemaLocation="http://sumo.dlr.de/xsd/routes_file.xsd">
  
     <vType sigma="0" minGap="0" accel="0.01" laneChangeModel="SL2015"  id="t1"/>
     <vType sigma="0" minGap="0" accel="0.01" laneChangeModel="SL2015"  id="t2"/>
     <route edges="gneE0 " color="yellow" id="route_0"/>
     <route edges="gneE0 " color="yellow" id="route_1"/>
<!--
<flow id="routeFlow_0" begin="0.00" departLane="3" departSpeed="25.00" route="route_0"  period="1" />

<flow id="routeFlow_1" begin="0.00" departLane="2" departSpeed="20.00" route="route_0"  period="1" />

<flow id="routeFlow_2" begin="0.00" departLane="1" departSpeed="20.00" route="route_0"  period="1" type="t2"/>
 -->
<flow id="routeFlow_3" begin="0.00" departLane="4" departSpeed="20.00" route="route_0"  period="1" type="t2"/>

<flow id="routeFlow_4" begin="0.00" departLane="5" departSpeed="20.00" route="route_0"  period="1" type="t2"/>

    <!--
     <vehicle id="vehicle_25" depart="2.00" departLane="1" color="white" departSpeed="20" departPos="120" route="route_0">
     </vehicle>
     <vehicle id="vehicle_24" depart="2.00" departLane="1" color="white" departSpeed="20" departPos="110" route="route_0">
     </vehicle>
     <vehicle id="vehicle_23" depart="2.00" departLane="1" color="white" departSpeed="20" departPos="100" route="route_0">
     </vehicle>
     
    
     <vehicle id="vehicle_22" depart="2.00" departLane="1" color="white" departSpeed="20" departPos="90" route="route_0">
     </vehicle>
     
     <vehicle id="vehicle_21" depart="2.00" departLane="1" color="white" departSpeed="20" departPos="80" route="route_0">
     </vehicle>
    
     <vehicle id="vehicle_20" depart="2.00" departLane="1" color="white" departSpeed="20" departPos="70" route="route_0">
     </vehicle>
     <vehicle id="vehicle_19" depart="2.00" departLane="1" color="white" departSpeed="20" departPos="60" route="route_0">
     </vehicle>
     <vehicle id="vehicle_18" depart="2.00" departLane="1" color="white" departSpeed="20" departPos="50" route="route_0">
     </vehicle>
     <vehicle id="vehicle_17" depart="2.00" departLane="1" color="white" departSpeed="20" departPos="40" route="route_0">
     </vehicle>
     <vehicle id="vehicle_16" depart="2.00" departLane="1" color="white" departSpeed="20" departPos="30" route="route_0">
     </vehicle>
     <vehicle id="vehicle_15" depart="2.00" departLane="1" color="white" departSpeed="20" departPos="20" route="route_0">
     </vehicle>
     <vehicle id="vehicle_14" depart="2.00" departLane="1" color="white" departSpeed="20" departPos="10" route="route_0">
     </vehicle>
     <vehicle id="vehicle_13" depart="2.00" departLane="1" color="white" departSpeed="20" departPos="0" route="route_0">
     </vehicle>
     -->
     <vehicle id="vehicle_1" depart="20.00" departLane="0" color="red" departSpeed="25" departPos="200" route="route_0" type="t1" >
     <!--
     <stop lane="gneE0_0" endPos="480.00"  duration="200"/>
     -->
     </vehicle>
    
    
    
	 <vehicle id="vehicle_2" depart="20.00" departLane="0" color="white" departSpeed="25" departPos="1" route="route_0"  type="t2">
     </vehicle>
     
     
    
     
     
     
     
     
     
     <!--
     <vehicle id="vehicle_5" depart="3.00" departLane="0" color="white" departSpeed="20" departPos="0" route="route_0">
     </vehicle>
     
     <vehicle id="vehicle_6" depart="3.00" departLane="1" color="white" departSpeed="20" departPos="0" route="route_0">
     </vehicle>
     
     
     <vehicle id="vehicle_7" depart="4.00" departLane="0" color="white" departSpeed="20" departPos="0" route="route_0">
     </vehicle>
     
     <vehicle id="vehicle_8" depart="4.00" departLane="1" color="white" departSpeed="20" departPos="0" route="route_0">
     </vehicle>
     
     
     <vehicle id="vehicle_9" depart="5.00" departLane="0" color="white" departSpeed="20" departPos="0" route="route_0">
     </vehicle>
     
     <vehicle id="vehicle_10" depart="5.00" departLane="1" color="white" departSpeed="20" departPos="0" route="route_0">
     </vehicle>
     
     <vehicle id="vehicle_11" depart="6.00" departLane="0" color="white" departSpeed="20" departPos="0" route="route_0">
     </vehicle>
     
     <vehicle id="vehicle_12" depart="6.00" departLane="1" color="white" departSpeed="20" departPos="0" route="route_0">
     </vehicle>
     
     <vehicle id="vehicle_13" depart="7.00" departLane="0" color="white" departSpeed="20" departPos="0" route="route_0">
     </vehicle>
     
     <vehicle id="vehicle_14" depart="7.00" departLane="1" color="white" departSpeed="20" departPos="0" route="route_0">
     </vehicle>
     
     
     <vehicle id="vehicle_15" depart="8.00" departLane="0" color="white" departSpeed="20" departPos="0" route="route_0">
     </vehicle>
     
     <vehicle id="vehicle_16" depart="8.00" departLane="1" color="white" departSpeed="20" departPos="0" route="route_0">
     </vehicle>
     
     
     <vehicle id="vehicle_17" depart="9.00" departLane="0" color="white" departSpeed="20" departPos="0" route="route_0">
     </vehicle>
     
    
    
     
     
     
     <vehicle id="vehicle_21" depart="11.00" departLane="0" color="white" departSpeed="20" departPos="0" route="route_0">
     </vehicle>
    
     <vehicle id="vehicle_23" depart="12.00" departLane="0" color="white" departSpeed="20" departPos="0" route="route_0">
     </vehicle>
     -->
     
  
     
    

	 	
</routes>


