<?xml version="1.0" encoding="UTF-8"?>

<!-- generated on 2021年01月13日 星期三 14时28分33秒 by Eclipse SUMO netedit Version 1.5.0
<configuration xmlns:xsi="http://www.w3.org/2001/XMLSchema-instance" xsi:noNamespaceSchemaLocation="http://sumo.dlr.de/xsd/netconvertConfiguration.xsd">

    <output>
        <output-file value="/home/lxj/007_project/CASE_53_2017/simulations/FCW_b/fourth%20lane.net.xml"/>
    </output>

    <processing>
        <offset.disable-normalization value="true"/>
    </processing>

    <junctions>
        <no-turnarounds value="true"/>
    </junctions>

    <report>
        <aggregate-warnings value="5"/>
    </report>

</configuration>
-->

<net version="1.3" junctionCornerDetail="5" limitTurnSpeed="5.50" xmlns:xsi="http://www.w3.org/2001/XMLSchema-instance" xsi:noNamespaceSchemaLocation="http://sumo.dlr.de/xsd/net_file.xsd">

    <location netOffset="0.00,0.00" convBoundary="0.00,0.00,500.00,0.00" origBoundary="10000000000.00,10000000000.00,-10000000000.00,-10000000000.00" projParameter="!"/>

    <edge id="gneE2" from="gneJ4" to="gneJ5" priority="-1" length="500.00">
        <lane id="gneE2_0" index="0" speed="13.89" length="500.00" shape="0.00,-11.20 500.00,-11.20"/>
        <lane id="gneE2_1" index="1" speed="13.89" length="500.00" shape="0.00,-8.00 500.00,-8.00"/>
        <lane id="gneE2_2" index="2" speed="13.89" length="500.00" shape="0.00,-4.80 500.00,-4.80"/>
        <lane id="gneE2_3" index="3" speed="13.89" length="500.00" shape="0.00,-1.60 500.00,-1.60"/>
    </edge>

    <junction id="gneJ4" type="dead_end" x="0.00" y="0.00" incLanes="" intLanes="" shape="0.00,0.00 0.00,-12.80"/>
    <junction id="gneJ5" type="dead_end" x="500.00" y="0.00" incLanes="gneE2_0 gneE2_1 gneE2_2 gneE2_3" intLanes="" shape="500.00,-12.80 500.00,0.00"/>

</net>
